{
    "openapi": "3.0.0",
    "info": {
        "title": "Explicador API",
        "description": "",
        "contact": {
            "email": "admin@admin.com"
        },
        "license": {
            "name": "Apache 2.0",
            "url": "http://www.apache.org/licenses/LICENSE-2.0.html"
        },
        "version": "1.0.0"
    },
    "servers": [
        {
            "url": "http://127.0.0.1:8000",
            "description": "Demo Explicador API Server"
        }
    ],
    "paths": {
        "/": {
            "get": {
                "tags": [
                    "Dados de Localização"
                ],
                "summary": "Obter todos de Localização",
                "description": "Returns list of projects",
                "operationId": "getProjectsList",
                "responses": {
                    "401": {
                        "description": "Unauthenticated"
                    },
                    "403": {
                        "description": "Forbidden"
                    }
                }
            }
        },
        "/courses": {
            "get": {
                "tags": [
                    " Dados da Educação"
                ],
                "summary": "Obter todos de Educação",
                "description": "Retorna dados de Educação de Um curso",
                "operationId": "getIndex",
                "responses": {
                    "401": {
                        "description": "Unauthenticated"
                    },
                    "403": {
                        "description": "Forbidden"
                    }
                }
            }
        },
        "course/{id}/subjects": {
            "get": {
                "tags": [
                    " Dados da Educação"
                ],
                "summary": "Obter todos de Educação de um determinado Curso em função do seu Id",
                "description": "",
                "operationId": "courseSubjects",
                "responses": {
                    "401": {
                        "description": "Unauthenticated"
                    },
                    "403": {
                        "description": "Forbidden"
                    }
                }
            }
        },
        "/faculties": {
            "get": {
                "tags": [
                    "Dados de Educação"
                ],
                "summary": "Obter todos de Localização de uma Faculdade",
                "description": "Retorna dados de uma Faculdade",
                "operationId": "getFaculty",
                "responses": {
                    "401": {
                        "description": "Unauthenticated"
                    },
                    "403": {
                        "description": "Forbidden"
                    }
                }
            }
        },
        "/grades": {
            "get": {
                "tags": [
                    " Dados da Educação"
                ],
                "summary": "Obter todos de Educação",
                "description": "Retorna dados de Educação",
                "operationId": "getGrade",
                "responses": {
                    "401": {
                        "description": "Unauthenticated"
                    },
                    "403": {
                        "description": "Forbidden"
                    }
                }
            }
        },
        "grade/{id}/subjects": {
            "get": {
                "tags": [
                    "Dados da Educação"
                ],
                "summary": "Obter todos de Educação de uma Disciplina",
                "description": "",
                "operationId": "getGradeSubjects",
                "responses": {
                    "401": {
                        "description": "Unauthenticated"
                    },
                    "403": {
                        "description": "Forbidden"
                    }
                }
            }
        },
        "/institutes": {
            "get": {
                "tags": [
                    "Dados de Educação"
                ],
                "summary": "Obter todos de Localização de Instituto",
                "description": "Retorna dados de Instituto",
                "operationId": "getInstitute",
                "responses": {
                    "401": {
                        "description": "Unauthenticated"
                    },
                    "403": {
                        "description": "Forbidden"
                    }
                }
            }
        },
        "/institutions": {
            "get": {
                "tags": [
                    "Dados de Educação"
                ],
                "summary": "Obter todos de Localização de Instituto",
                "description": "Retorna dados de Instituto",
                "operationId": "getinstitutions",
                "responses": {
                    "401": {
                        "description": "Unauthenticated"
                    },
                    "403": {
                        "description": "Forbidden"
                    }
                }
            }
        },
        "/institutions/get/{institutionsId}": {
            "get": {
                "tags": [
                    "Dados de Localização"
                ],
                "summary": "Obter todos de Localização de um Instituto em funcão do seu ID",
                "description": "",
                "operationId": "getGetSome",
                "responses": {
                    "401": {
                        "description": "Unauthenticated"
                    },
                    "403": {
                        "description": "Forbidden"
                    }
                }
            }
        },
        "/levels": {
            "get": {
                "tags": [
                    "Dados de Educação"
                ],
                "summary": "Obter todos de Localização de um Grão",
                "description": "Retorna dados de uma Grão",
                "operationId": "getLevel",
                "responses": {
                    "401": {
                        "description": "Unauthenticated"
                    },
                    "403": {
                        "description": "Forbidden"
                    }
                }
            }
        },
        "/otherInstitutions": {
            "get": {
                "tags": [
                    "Dados de Educação"
                ],
                "summary": "Obter todos de Localização de outras Universidades",
                "description": "Retorna dados de uma Outras Univercidade",
                "operationId": "getOtherInstitution",
                "responses": {
                    "401": {
                        "description": "Unauthenticated"
                    },
                    "403": {
                        "description": "Forbidden"
                    }
                }
            }
        },
        "/schools": {
            "get": {
                "tags": [
                    " Dados da Educação"
                ],
                "summary": "Obter todos de Educação de uma Escola",
                "description": "Retorna dados de Educação de uma Escola",
                "operationId": "getSchool",
                "responses": {
                    "401": {
                        "description": "Unauthenticated"
                    },
                    "403": {
                        "description": "Forbidden"
                    }
                }
            }
        },
        "/schools/show": {
            "get": {
                "tags": [
                    " Dados da Educação"
                ],
                "summary": "Obter todos de Educação de uma Escola",
                "description": " Retorna Inforção Educação de uma determinada Escola",
                "operationId": "show",
                "parameters": [
                    {
                        "name": "id",
                        "in": "path",
                        "description": "id da escola",
                        "required": true,
                        "schema": {
                            "type": "integer"
                        }
                    }
                ],
                "responses": {
                    "200": {
                        "description": "Successful operation"
                    },
                    "400": {
                        "description": "Bad Request"
                    },
                    "401": {
                        "description": "Unauthenticated"
                    },
                    "403": {
                        "description": "Forbidden"
                    }
                }
            }
        },
        "/subjects": {
            "get": {
                "tags": [
                    " Dados da Educação"
                ],
                "summary": "Obter todos de Educação",
                "description": "Retorna dados de Educação",
                "operationId": "getSubject",
                "responses": {
                    "401": {
                        "description": "Unauthenticated"
                    },
                    "403": {
                        "description": "Forbidden"
                    }
                }
            }
        },
        "/subjects/get/{subjectsId}'": {
            "get": {
                "tags": [
                    "Dados da Educação"
                ],
                "summary": "Obter todos de Educação",
                "description": "",
                "operationId": "getGetSome",
                "responses": {
                    "401": {
                        "description": "Unauthenticated"
                    },
                    "403": {
                        "description": "Forbidden"
                    }
                }
            }
        },
        "/university": {
            "get": {
                "tags": [
                    "Dados de Educação"
                ],
                "summary": "Obter todos de Localização",
                "description": "Retorna dados de uma Univercidade",
                "operationId": "getUniversity",
                "responses": {
                    "401": {
                        "description": "Unauthenticated"
                    },
                    "403": {
                        "description": "Forbidden"
                    }
                }
            }
        },
        "/locations": {
            "get": {
                "tags": [
                    "Dados de Localização"
                ],
                "summary": "Obter todos de Localização",
                "description": "Returns list of projects",
                "operationId": "getProjectsList",
                "responses": {
                    "401": {
                        "description": "Unauthenticated"
                    },
                    "403": {
                        "description": "Forbidden"
                    }
                }
            }
        },
        "/locations/get/{locationsId}": {
            "get": {
                "tags": [
                    "Dados de Localização"
                ],
                "summary": "Obter todos de Localização de um Id Especifico",
                "description": "",
                "operationId": "getProjectsList",
                "responses": {
                    "401": {
                        "description": "Unauthenticated"
                    },
                    "403": {
                        "description": "Forbidden"
                    }
                }
            }
        },
        "/locations/store": {
            "post": {
                "tags": [
                    "Dados de Localização"
                ],
                "summary": "Salvar uma Localização",
                "description": "Returns project data",
                "operationId": "storeProject",
                "requestBody": {
                    "required": true
                },
                "responses": {
                    "201": {
                        "description": "Successful operation"
                    },
                    "400": {
                        "description": "Bad Request"
                    },
                    "401": {
                        "description": "Unauthenticated"
                    },
                    "403": {
                        "description": "Forbidden"
                    }
                }
            }
        },
        "/locations/{id}": {
            "get": {
                "tags": [
                    "Dados de Localização"
                ],
                "summary": "Retorna Inforção de uma determinada Localização",
                "description": "Inforção de uma determinada Localização",
                "operationId": "getLocationsById",
                "parameters": [
                    {
                        "name": "id",
                        "in": "path",
                        "description": "id da Localização",
                        "required": true,
                        "schema": {
                            "type": "integer"
                        }
                    }
                ],
                "responses": {
                    "200": {
                        "description": "Successful operation"
                    },
                    "400": {
                        "description": "Bad Request"
                    },
                    "401": {
                        "description": "Unauthenticated"
                    },
                    "403": {
                        "description": "Forbidden"
                    }
                }
            },
            "put": {
                "tags": [
                    "Dados de Localização"
                ],
                "summary": "Actualiza uma Localização Existente",
                "description": "Retorna dados actualizados do Projecto",
                "operationId": "updateLocations",
                "parameters": [
                    {
                        "name": "id",
                        "in": "path",
                        "description": "id da Localização",
                        "required": true,
                        "schema": {
                            "type": "integer"
                        }
                    }
                ],
                "requestBody": {
                    "required": true
                },
                "responses": {
                    "202": {
                        "description": "Successful operation"
                    },
                    "400": {
                        "description": "Bad Request"
                    },
                    "401": {
                        "description": "Unauthenticated"
                    },
                    "403": {
                        "description": "Forbidden"
                    },
                    "404": {
                        "description": "Resource Not Found"
                    }
                }
            }
        }
    }
}